,person,anger sl,surprise sl,joy sl,sadness sl,love sl,fear sl,Angry te,Fear te,Happy te,Sad te,Surprise te,Angry temax,Fear temax,Happy temax,Sad temax,Surprise temax
0,spoopydoopyjoopy,11,168,52,129,174,243,30.279999999999983,163.68000000000004,82.89999999999999,124.17000000000004,142.65000000000003,37,117,346,114,163
1,BadKarma-18,15,96,24,36,82,105,7.21,94.24000000000001,39.01999999999999,57.17999999999999,63.23999999999997,8,90,141,51,68
2,Peoerson,8,106,35,39,115,88,17.56,115.34000000000002,37.27999999999998,55.06000000000001,74.53999999999999,15,119,135,47,75
3,Doomed,18,279,103,110,272,217,37.22999999999998,362.96999999999997,93.87000000000005,190.0800000000001,175.22999999999993,32,404,247,154,162
4,lobester250,1,3,1,8,2,823,1.0,1.0,0.0,3.0,1.0,1,1,832,3,1
5,MisbehavingOP,0,8,2,0,6,36,0.0,2.0,4.0,0.0,4.0,0,2,46,0,4
6,Textbook_Enigmatic,8,76,17,20,68,44,6.96,39.43999999999998,78.16,34.93999999999999,42.369999999999976,6,26,133,30,38
7,Cute-Jacket9479,2,4,1,3,2,4,0.5,5.49,1.9100000000000001,2.99,3.08,0,5,6,3,2
8,rebordacao,3,54,50,16,44,78,5.23,31.839999999999993,57.45,46.98999999999999,42.329999999999984,3,22,135,47,38
9,AccurateCoconut,2,8,5,6,10,6,0.67,8.620000000000001,5.46,7.050000000000001,10.169999999999998,1,7,10,5,14
10,TH3_L1NEMAN123,5,60,15,38,49,140,5.500000000000001,44.4,30.99,41.120000000000005,39.879999999999995,6,34,186,40,41
11,18831446,0,8,2,2,14,20,0.66,1.34,1.0,5.32,1.6600000000000001,2,2,38,4,0
12,WantedDeadOrAlive,3,91,17,37,56,76,9.630000000000003,77.23,50.8,40.86999999999998,39.35999999999999,9,64,135,30,42
13,justiceforall1000000,1,8,2,7,10,16,0.26,9.9,6.05,7.830000000000001,6.94,0,10,20,8,6
14,LemonDesu,44,551,140,301,562,402,96.06000000000003,647.6299999999995,196.79000000000005,345.5399999999998,441.8699999999995,88,562,516,294,540
15,hoosakiwi,14,317,71,62,171,81,23.77999999999998,259.18999999999994,66.74000000000001,170.3399999999999,141.16,16,340,134,113,113
16,Jarbus4,44,433,129,94,219,73,62.59000000000004,321.1999999999999,175.67000000000007,208.44000000000023,189.13000000000008,45,346,248,173,180
17,Sanslution,29,219,90,108,163,307,21.000000000000004,185.70000000000005,130.32000000000005,114.42999999999995,163.02,18,153,474,81,190
18,fed_smoker69420,13,250,68,136,188,308,37.92999999999998,273.6499999999999,105.02000000000007,177.67999999999998,134.26000000000005,45,242,371,162,143
19,-en-,7,96,32,98,112,244,14.959999999999999,109.83999999999997,45.52,73.74,90.9,18,92,308,69,102
20,dripztro,0,0,0,1,0,1,0.0,2.0,0.0,0.0,0.0,0,2,0,0,0
21,_Sideswipe_911_,12,123,24,62,99,128,18.269999999999996,106.92999999999999,41.94,65.54999999999998,100.16000000000001,17,81,173,62,115
22,zenn8080,0,2,1,1,6,16,0.75,6.65,0.25,1.95,3.4,1,6,13,1,5
23,bradyreid,1,26,5,24,21,49,5.37,24.180000000000007,17.17,17.939999999999998,20.32,5,18,66,16,21
24,novasupersport,26,638,148,246,402,532,77.93999999999998,392.5599999999996,476.09999999999934,277.18,361.1999999999996,74,312,1008,230,368
25,Capt_Logun,7,39,16,24,37,37,5.280000000000001,52.54999999999998,18.75999999999999,26.43,25.839999999999993,4,50,58,19,29
26,JosieFrost0907,0,16,4,18,14,86,0.2,8.96,2.4299999999999997,38.86,4.53,0,6,87,40,5
27,yoyoyoghurt06,1,8,2,12,6,30,0.33,4.33,3.33,3.83,7.17,0,3,44,4,8
28,parothed28,35,286,109,89,141,151,46.67999999999998,218.28999999999996,111.49000000000005,178.28000000000011,125.66999999999999,58,200,274,151,128
29,Will-Nye,2,52,14,34,36,82,10.319999999999999,50.800000000000004,22.139999999999997,28.159999999999993,30.5,10,42,114,24,30
30,a116jxb,69,786,192,444,666,801,145.77000000000004,744.39,309.29999999999995,490.2599999999994,507.38999999999953,153,699,1125,435,546
31,olanda2,5,106,34,56,83,157,13.889999999999999,96.83000000000006,38.849999999999994,82.28000000000003,70.10000000000002,14,77,190,80,80
32,mr_fabulous_2006,0,16,4,10,2,40,0.0,4.0,5.0,10.0,5.0,0,4,54,8,6
33,Aggressive-Green4592,19,230,48,177,246,280,63.07999999999999,252.07000000000022,104.35,198.02000000000007,172.84000000000012,77,209,346,180,188
34,cvelz,18,279,97,111,277,215,49.529999999999994,279.7599999999999,102.49000000000005,183.23999999999995,215.37999999999988,49,256,287,173,232
35,HomeKit-News,25,370,102,127,238,130,35.19999999999999,367.9500000000003,79.55000000000004,250.69000000000017,152.99000000000018,32,384,202,233,141
36,am_32,2,45,20,26,63,38,8.09,43.65999999999998,26.829999999999988,41.050000000000004,44.16000000000001,4,37,59,39,55
37,Shoddy-Particular-94,0,1,0,4,2,6,2.0,3.66,3.0,1.6600000000000001,0.66,2,2,5,2,2
38,therealAnkis,7,74,18,49,48,98,13.010000000000002,69.67999999999999,18.1,46.01999999999999,55.08,14,53,116,40,71
39,FatFootballFan-772,5,73,25,66,89,122,13.870000000000001,85.56,21.93999999999999,59.25000000000001,60.29999999999999,16,76,168,57,63
40,AutoNewspaperAdmin,0,1,1,0,2,2,0.17,0.8500000000000001,0.35,2.37,0.26,0,1,2,3,0
41,FourthEchelon19,102,1002,333,339,699,459,110.01000000000008,961.9500000000012,271.04999999999995,589.1100000000006,624.6600000000007,99,954,678,495,708
42,skiskate,38,578,158,248,472,498,57.159999999999975,529.82,223.3400000000001,302.1599999999998,398.53999999999974,64,438,762,262,466
43,gothika69,10,67,13,42,102,36,13.599999999999998,88.30999999999999,28.369999999999983,60.370000000000005,62.19999999999998,7,95,48,54,66
44,Willichops,26,304,82,105,200,129,31.12999999999999,202.48000000000002,154.93000000000015,124.44000000000004,214.5400000000002,27,168,334,83,234
45,xxxEroticGoddessxx,2,63,34,16,21,46,4.17,43.03,36.89,27.339999999999996,22.509999999999994,2,41,97,20,22
46,Rredite,7,220,139,105,99,395,13.72,88.34000000000002,84.29,99.66,97.86999999999999,13,70,682,91,109
47,TheeSpongeDaddy,0,1,1,4,4,3,0.33,4.33,3.5,1.83,2.0,0,3,5,2,3
48,cullenjk,20,196,46,104,172,159,27.41999999999999,195.0400000000002,72.94999999999995,139.84000000000003,140.15000000000006,25,179,210,131,152
49,Vipu_18,0,10,4,6,6,10,0.0,9.56,4.56,7.9,3.9800000000000004,0,10,14,8,4
50,rfitz405,2,61,18,53,48,104,9.31,35.639999999999986,48.38,40.14999999999999,47.44999999999999,8,27,165,36,50
51,PeasKhichra,18,189,70,71,162,100,26.419999999999984,154.89000000000007,56.240000000000016,151.3900000000001,88.79000000000002,18,140,210,139,103
52,djarnexus,92,444,120,300,462,582,74.88000000000001,425.89999999999986,199.70000000000005,374.0999999999996,378.5599999999999,70,410,780,330,410
53,Comissar-Sam,22,150,15,114,142,333,32.38,120.81,75.43999999999997,120.51000000000003,122.49000000000001,38,92,402,101,143
54,IamPotato14,10,379,113,154,132,212,25.629999999999995,210.7700000000001,49.569999999999986,364.4499999999996,144.2600000000001,30,182,270,356,162
55,YoussMa,3,33,10,16,22,32,4.15,22.11,11.26,21.589999999999996,32.81,4,14,40,16,42
56,arty_dj,0,0,1,1,3,2,0.27,2.57,1.34,2.17,0.6600000000000001,0,4,1,2,0
57,VersaceLauri,0,3,2,1,2,4,0.04,1.94,1.72,1.1099999999999999,1.19,0,2,8,0,2
58,jacw212,34,209,52,162,220,322,42.379999999999995,167.86999999999998,106.95000000000005,196.96999999999994,193.4099999999999,47,127,439,165,221
59,OxydBCN,12,68,18,17,44,53,9.21,51.93,19.979999999999997,32.12,40.7,8,50,80,31,43
60,Etogdetakoe,0,0,350,0,0,102,0.0,0.0,0.0,0.0,0.0,0,0,452,0,0
61,Sushighost0,12,104,36,64,102,90,14.399999999999997,116.34,40.63999999999999,79.72000000000004,80.6,10,112,120,70,96
62,hedawiqq,0,5,5,8,6,5,1.05,9.15,1.75,7.69,6.330000000000001,2,9,4,9,5
63,callmepinocchio,6,66,20,39,50,55,6.949999999999998,58.40999999999999,27.71,39.01,48.719999999999985,6,44,87,41,58
64,ezidro3,25,244,78,150,188,308,46.129999999999995,204.50000000000017,97.74999999999999,144.47,205.63000000000002,53,171,426,127,216
65,HammyFresh,25,239,74,143,287,231,50.15999999999999,286.25999999999993,127.88000000000002,176.76000000000028,204.15000000000012,43,282,306,148,220
66,elbiderca,10,46,18,13,48,29,7.02,64.59000000000002,14.92,31.949999999999992,31.429999999999993,7,77,28,23,29
67,Dami212,0,2,0,2,2,1,1.0,1.4,0.5,0.4,1.7,1,1,3,1,1
68,tjnson,3,14,12,16,11,9,1.83,20.85000000000001,9.180000000000001,8.48,12.65,2,17,23,5,18
69,saiyansuniverse,19,145,51,67,132,118,25.279999999999994,154.75000000000003,70.98000000000006,99.44,107.11999999999995,17,151,165,85,114
70,Tangent_Virtual_Cars,12,98,19,34,88,71,11.489999999999997,87.82000000000002,59.289999999999985,60.08999999999998,57.03999999999997,6,94,121,46,55
71,DisplayName556,1,92,20,94,106,242,19.08,74.54,44.64000000000001,81.9,92.75000000000001,20,61,301,71,102
72,Coddles7,4,42,5,22,36,15,9.25,36.6,11.37,23.419999999999998,31.249999999999993,10,40,29,14,31
73,Dense-Ad-2385,1,4,0,3,4,6,0.08,5.02,2.6,3.4000000000000004,3.88,0,5,6,3,4
74,_fat_santa,36,306,121,97,300,137,40.59000000000002,379.00000000000017,98.71000000000022,197.55999999999975,217.32999999999967,26,452,148,147,224
75,crytoloover,0,12,0,0,4,2,0.0,3.34,4.0,2.66,0.0,0,4,12,2,0
76,catsareassholess,1,6,1,3,6,12,2.4000000000000004,4.4399999999999995,1.08,1.7200000000000002,5.34,2,5,16,2,4
77,lha1107,0,0,0,0,0,1,0.0,0.75,0.0,0.0,0.25,0,1,0,0,0
78,Transeuropeanian,14,266,108,113,239,260,33.12999999999999,232.99000000000018,92.68000000000004,196.75000000000009,142.08,38,180,428,195,159
79,starryeyeszxo,1,10,2,6,9,15,0.0,4.33,6.66,4.49,7.49,0,2,30,4,7
80,B-L-O-C-K-S,33,692,177,360,485,1214,58.92000000000002,506.4899999999999,428.9299999999997,347.04000000000013,313.37999999999977,54,444,1812,306,345
81,BurtonDesque,42,218,75,175,242,248,50.67999999999999,260.26000000000016,78.92,188.58999999999995,219.16000000000014,56,213,310,162,259
82,Thieven1,15,107,37,35,131,58,20.45,151.64,37.980000000000004,80.71000000000001,74.93999999999998,12,189,48,65,69
83,fabmario56,36,216,57,176,282,231,42.61999999999999,236.56000000000043,148.99000000000015,174.37000000000015,204.84000000000017,37,204,382,143,232
84,niceeeman,0,1,0,1,0,7,0.0,0.0,1.0,0.0,3.0,0,0,6,0,3
85,JLGoodwin1990,82,728,156,284,470,280,107.02000000000014,609.5600000000001,196.00000000000026,395.3599999999998,464.6999999999992,82,630,458,312,518
86,jasmminne,29,284,95,106,288,193,41.91,287.45000000000016,145.09000000000012,178.63000000000005,197.94000000000023,30,308,318,139,200
87,Wooden-Actuary-7204,14,90,16,85,98,179,18.47,91.85,38.23999999999999,79.85000000000002,108.32999999999997,20,79,191,73,119
88,Peeeeeps,53,272,78,119,278,123,41.65000000000002,315.3999999999998,128.4500000000001,191.9900000000003,188.91000000000005,30,304,219,173,197
89,Defiant_Ruler5326,6,173,38,173,217,393,28.639999999999993,178.85000000000008,93.4,132.61999999999995,143.29000000000002,36,137,545,123,159
90,EpochPoc,25,193,57,81,169,129,28.570000000000004,198.59999999999997,83.17999999999999,105.26000000000003,143.89000000000004,22,178,196,89,169
91,tony_toneeee,1,17,1,10,17,25,2.33,15.31,10.1,10.07,8.16,4,12,38,6,11
92,Greenmark88,31,198,61,102,238,185,51.75,231.3900000000003,66.88,153.20999999999998,198.1900000000001,52,211,199,125,228
93,NBAGuyUK,23,186,62,62,159,69,25.44000000000001,163.83000000000015,84.28000000000003,92.12000000000005,138.8900000000001,24,146,155,69,167
94,hooleyoh,20,209,73,92,145,166,27.649999999999984,169.17999999999995,97.79000000000003,118.30000000000003,103.65000000000003,35,137,321,100,112
95,Visual-Tour-8995,5,54,23,53,61,124,4.76,36.74,22.389999999999993,60.33999999999998,54.699999999999996,6,27,166,54,67
96,WallStreetDoesntBet,39,653,103,369,674,1161,99.40000000000002,764.3300000000003,264.19999999999993,441.34999999999945,428.1199999999998,106,684,1331,385,493
97,Ash-the-puppy,22,204,53,148,170,154,43.679999999999986,183.67000000000016,89.28999999999998,140.35000000000005,183.43000000000012,52,153,232,114,200
98,Careful-Ad5602,0,1,0,1,0,7,0.0,2.25,0.75,0.0,1.0,0,2,6,0,1
99,gordonmcdowell,29,290,107,112,282,178,71.72000000000001,358.5899999999995,92.02999999999999,192.95000000000016,193.25000000000017,54,423,187,154,180
100,No-Pizza-9423,19,208,79,142,225,326,37.78,227.3699999999999,130.01000000000008,152.10999999999996,185.22000000000006,38,183,432,143,203
101,Acceptable_Block6706,1,9,1,2,13,13,1.61,16.25,4.73,7.709999999999999,6.629999999999999,1,18,8,6,6
102,LettersOnRoad,0,0,0,0,1,0,0.0,0.23,0.0,0.46,0.31,0,0,0,1,0
103,weliveinthepast,11,122,39,83,102,100,19.450000000000003,125.8,64.08999999999999,89.72,63.70999999999998,24,105,182,76,70
104,GetOverItBroDude,24,232,67,110,239,318,36.82999999999999,244.82000000000005,87.61000000000004,149.17000000000016,195.84,31,240,379,122,218
105,HaaawPrick,2,9,3,8,7,9,2.7,7.84,4.71,5.98,9.74,2,8,12,3,13
106,rockeye44,5,68,30,67,90,100,23.729999999999997,59.23999999999998,35.67999999999998,79.45,90.73,27,36,125,62,110
107,KleinTsuboiOW,3,9,4,10,11,16,2.62,13.399999999999999,6.07,11.819999999999999,10.049999999999999,4,11,16,9,13
108,kevinw2345,0,0,0,1,1,2,0.0,0.0,0.0,0.0,0.0,0,0,4,0,0
109,Snoo57039,10,55,12,51,56,23,14.129999999999997,56.14,15.599999999999996,34.86,50.00999999999998,19,49,58,25,56
110,superfutureman,45,645,168,510,603,1011,114.29999999999998,569.46,484.37999999999937,412.1699999999998,434.7899999999996,129,417,1596,375,465
111,Mindless0ne,12,61,24,30,37,49,10.180000000000001,52.459999999999965,20.47,39.52999999999998,41.05999999999998,8,47,78,31,49
112,GoatMuch,0,25,3,3,12,29,2.09,11.890000000000002,5.430000000000001,8.290000000000001,11.26,2,12,39,11,8
113,Phallenpheather,21,304,85,119,257,204,66.45000000000002,251.90999999999994,134.23000000000013,173.73999999999998,203.8900000000001,69,217,328,161,215
114,Egy_Szekely,5,133,25,110,87,234,9.13,110.27,46.25999999999999,92.39,96.80999999999999,10,93,300,83,108
115,Z2eltn5,1,14,0,11,14,12,0.0,4.83,22.0,5.25,5.91,0,3,40,4,5
116,WNR567WNR,1,3,1,2,7,7,1.43,5.01,1.46,6.55,4.55,1,7,4,5,4
117,Ralu61,14,213,81,148,190,350,31.869999999999994,191.11000000000007,132.28,149.48000000000002,165.84000000000003,40,154,489,132,181
118,adreamofhodor,20,291,72,163,239,215,39.829999999999984,277.44000000000005,123.08000000000001,173.23000000000002,202.87000000000006,38,239,350,150,223
119,Themusicison,56,482,126,294,404,560,70.03999999999999,483.4599999999997,215.56000000000023,282.32000000000016,311.6799999999999,88,390,846,254,344
120,EdNotAHorse,25,211,111,92,144,186,34.790000000000006,208.77000000000004,144.25000000000006,128.01000000000013,124.75000000000003,31,175,318,114,131
121,Piratey_Pirate,34,289,83,154,219,220,46.919999999999995,279.31000000000006,134.78000000000006,161.73000000000008,195.59,46,256,359,122,216
122,flojopickles,37,273,67,147,306,161,50.32000000000002,328.9200000000002,113.78000000000013,204.1600000000002,211.2899999999999,32,365,193,170,231
123,JJ3434JJ,15,270,74,160,271,210,54.03,315.38,75.42000000000003,167.2400000000001,215.3700000000001,69,281,268,141,241
124,recce915,27,244,66,128,180,150,33.9,247.29000000000002,92.86999999999999,149.08999999999995,149.35000000000002,35,217,241,142,160
125,Not-Excitement1883,18,297,63,121,306,194,40.95,191.0800000000001,204.3099999999999,185.57999999999996,189.49000000000012,38,125,474,161,201
126,XOSkyXO,29,240,56,171,299,205,35.910000000000004,226.03000000000011,151.27000000000015,179.88000000000002,243.37000000000003,39,173,366,148,274
127,Zorincian,3,17,6,8,9,10,2.8200000000000003,21.709999999999997,3.8600000000000003,11.42,11.16,4,25,6,8,10
128,FookeyBookey,8,122,28,77,91,126,19.189999999999998,94.91000000000001,58.209999999999994,65.47999999999998,87.03000000000002,20,75,205,54,98
129,Best_Adhesiveness674,0,0,0,0,1,1,0.0,0.0,0.0,0.0,0.0,0,0,2,0,0
130,Skilledfailure,2,47,19,28,33,50,6.36,50.62999999999999,21.139999999999997,35.63,31.099999999999994,6,41,67,29,36
131,jlu624,1,13,4,7,12,51,1.8599999999999999,20.03,7.39,10.709999999999999,7.98,3,18,49,8,10
132,TheRougaru,2,44,9,21,23,111,5.23,26.03,28.33,28.609999999999996,18.779999999999998,6,20,139,26,19
133,Repulsive_Reply_956,2,49,16,25,14,34,5.03,31.019999999999996,9.28,18.549999999999997,26.050000000000004,5,23,65,18,29
134,Gtemall,22,276,147,130,263,160,39.68000000000001,328.22999999999996,123.32000000000005,216.7899999999999,218.06000000000037,21,357,191,189,240
135,Substantial_Gur_8230,14,133,248,44,126,156,13.299999999999999,61.36,70.03999999999999,68.96,80.28,18,50,503,64,86
136,Kushnerdz,22,236,60,161,216,303,45.06999999999998,238.3700000000001,110.2,158.11999999999998,187.73000000000022,45,211,403,131,208
137,Clear_Description862,1,2,4,2,3,2,0.7,5.98,1.5,0.78,1.03,1,5,6,0,2
138,Troubleshooter5000,3,19,4,11,29,7,3.5900000000000003,26.9,10.219999999999999,14.85,12.350000000000001,3,28,18,14,10
139,Tenacious_Jey,29,72,366,30,33,330,5.98,408.78999999999985,32.22999999999999,32.47999999999999,37.41999999999999,6,398,385,29,42
140,Appropriate-Ad8836,0,0,0,1,0,0,0.33,0.0,0.0,0.33,0.33,1,0,0,0,0
141,midnxight,9,243,74,173,188,311,34.019999999999996,292.58000000000004,70.02999999999999,110.43999999999997,107.57999999999997,37,250,486,107,118
142,RepresentativeDay165,1,15,8,17,24,33,3.19,27.100000000000012,9.93,16.009999999999998,12.77,5,26,40,14,13
143,RonTheRatKing,5,216,15,195,453,113,23.109999999999996,127.89999999999999,119.17999999999998,177.00000000000006,149.58,29,98,547,168,155
144,HankieHorker_32,39,432,104,304,363,754,51.96000000000001,397.3700000000003,191.15000000000006,284.02000000000015,298.8400000000001,52,341,1000,264,339
145,autotldr,15,132,155,9,320,362,32.11999999999998,353.620000000001,103.00999999999996,247.67999999999995,257.33999999999895,3,510,15,197,268
146,zeeow,14,160,38,94,152,128,20.659999999999993,147.33999999999997,60.519999999999946,94.60000000000002,128.42,22,136,214,76,138
147,Mount-Kushmore,4,37,8,23,39,34,6.2,39.73,15.249999999999996,32.35999999999999,24.43999999999999,7,35,44,30,29
148,huskyhsd,4,14,3,4,11,16,2.52,8.690000000000001,3.7500000000000004,9.739999999999998,11.230000000000002,4,8,20,7,13
149,MarvelsGrantMan136,29,392,226,72,202,79,31.239999999999974,353.60000000000025,82.00000000000006,269.6800000000003,205.57000000000014,20,393,137,210,240
150,CurryFun,984,2,1,2,1,10,0.0,989.5,8.33,1.17,0.0,0,989,9,2,0
151,kittytime,75,672,222,387,507,903,69.66000000000001,505.9199999999997,349.7399999999995,409.8299999999994,493.19999999999965,75,447,1371,342,531
152,strawberrypleco,1,36,7,20,43,40,4.92,35.88999999999999,19.23,34.36,24.540000000000003,5,28,54,30,30
153,pepo-pepito,0,37,18,13,17,49,1.2500000000000002,23.55,12.24,18.679999999999996,16.17,3,16,79,18,18
154,TheBravan,33,335,114,200,358,248,65.45,413.6199999999998,112.18000000000012,259.31000000000023,273.6300000000002,74,403,302,217,292
155,Accomplished_Side999,5,125,19,88,97,179,20.84,98.86999999999999,57.10999999999999,72.41000000000001,84.60000000000001,24,75,262,64,88
156,xLumpyPotato,10,80,27,37,69,108,17.089999999999993,76.85999999999997,45.82999999999999,32.07999999999999,58.940000000000005,16,69,158,25,63
157,Square-Enit,1,38,12,21,25,46,10.309999999999999,30.95,20.98,17.33,23.39,9,28,70,13,23
158,eiileenie,14,138,36,66,114,92,25.709999999999987,134.65,68.61,79.87000000000006,103.85000000000007,25,115,141,59,120
159,lil_mgk,0,10,8,17,18,33,4.38,19.77,12.899999999999999,10.799999999999999,13.129999999999999,6,17,40,7,16
160,Effective-Wonder-45,2,20,2,12,13,15,2.41,19.590000000000003,5.58,9.760000000000002,11.6,2,19,22,8,13
161,zipzog,80,932,380,456,1004,1148,149.92000000000007,964.7600000000033,451.9199999999997,687.5600000000006,723.6400000000004,168,776,1592,632,832
162,Gnubay,0,857,101,8,22,10,49.11999999999998,220.14000000000019,42.67999999999999,150.21000000000004,114.67999999999998,71,166,479,147,135
163,GodOfFireno1,0,1,0,0,1,0,0.0,0.25,0.25,0.0,0.5,0,0,1,0,1
164,chocolategurrl,1,8,0,6,14,12,1.67,9.07,3.91,6.680000000000001,6.63,2,6,20,4,9
165,Josette_Sam,0,2,0,0,0,0,0.0,0.0,0.5,0.0,0.5,0,0,2,0,0
166,Tablo213,0,0,0,0,2,0,0.0,0.0,0.0,0.0,0.0,0,0,2,0,0
167,yeahright2005,3,144,24,54,96,132,12.96,82.49999999999996,94.43999999999997,64.49999999999999,78.26999999999995,18,45,261,60,69
168,KimikoBean,11,222,40,126,192,406,29.479999999999997,171.10000000000005,121.25,145.07999999999998,160.82999999999998,33,131,524,137,172
169,Pie-True,5,14,5,23,21,25,2.4,30.44,9.270000000000001,13.670000000000002,17.199999999999996,2,35,30,11,15
170,SotakuKun,1,20,9,10,27,70,2.7,20.220000000000002,14.95,19.07,10.01,3,17,90,16,11
171,mungeek,0,1,1,2,1,1,0.0,0.96,1.54,1.81,0.69,0,1,3,1,1
172,Octotic,16,48,20,44,76,174,9.32,63.63999999999999,41.219999999999985,49.919999999999995,65.75999999999999,12,56,202,44,64
173,BRome1776,0,8,3,6,9,20,1.78,10.23,3.54,5.93,4.49,2,10,26,4,4
174,SherikaBrink,6,58,47,13,36,49,4.68,81.20000000000003,15.780000000000001,63.74999999999999,21.529999999999987,6,82,38,60,23
175,Thund3rbolt,17,164,219,64,129,93,42.919999999999995,193.0800000000001,59.339999999999975,117.29999999999995,137.77000000000004,46,156,223,93,168
176,karmakactus,9,114,41,67,146,151,36.81999999999999,105.63000000000004,48.86999999999999,101.41999999999996,69.96999999999998,45,78,228,96,81
177,bigburgballer,32,238,88,123,270,231,60.33999999999996,252.51999999999995,166.0500000000001,149.27999999999997,180.15000000000015,61,217,385,129,190
178,I-Know-What-To-Do,23,215,78,140,200,251,54.019999999999975,268.12000000000006,96.94000000000001,167.17000000000004,148.97000000000006,58,251,294,145,159
179,censorshipropaganda,0,5,1,3,7,90,0.67,2.17,1.5,5.66,3.0,1,1,95,5,4
180,iiDemonLord,16,229,50,134,232,324,25.72,204.97000000000003,108.21000000000001,145.51,147.19,27,169,490,132,167
181,RiotSucksEggs,22,286,71,141,247,233,30.059999999999995,232.16000000000003,136.42000000000004,157.95,206.9100000000001,27,202,408,130,233
182,PrettyCoolTim,4,59,19,46,64,94,10.45,49.67999999999999,31.869999999999997,40.25,43.73999999999999,12,37,150,36,51
183,prixb,8,152,47,60,72,211,12.02,86.94000000000001,103.42999999999999,68.32999999999997,75.19,10,87,329,54,70
184,Lightingfast31,16,230,62,127,320,244,47.439999999999976,221.70000000000005,127.76,207.69000000000005,227.91999999999987,54,148,353,188,256
185,asianj1m,18,208,105,113,213,339,23.619999999999997,268.77,91.66999999999999,127.22999999999999,147.24999999999994,22,274,440,104,156
186,curiosity171,0,0,0,0,1,0,0.0,0.0,0.5,0.5,0.0,0,0,1,0,0
187,teijinator2000,52,268,100,182,348,192,68.76000000000002,323.8399999999997,146.28000000000006,245.55999999999997,242.60000000000016,54,308,290,230,260
188,patakiciprian,10,97,23,52,91,100,6.25,72.34,31.879999999999992,48.94999999999999,59.49999999999998,6,60,199,44,64
189,RogueYautja,22,344,90,382,426,732,92.56,422.5199999999997,282.06000000000006,299.57999999999987,308.42000000000013,106,330,960,258,342
190,Lexi_The_G,27,247,80,164,219,261,40.10999999999997,235.10000000000016,108.06000000000006,190.72000000000048,196.47000000000008,38,205,375,173,207
191,Username52910,1,21,5,20,19,54,2.06,22.22,10.04,13.129999999999999,14.56,2,18,71,14,15
192,CanadianGunner,66,858,234,425,804,613,123.24000000000002,1009.7900000000004,315.5400000000001,589.1399999999998,520.8899999999993,75,1133,772,516,504
193,JayHairston,19,235,80,130,186,329,40.94,210.39000000000013,99.50000000000004,178.01000000000016,156.72000000000003,44,184,421,166,164
194,Chuni_Wrath,0,1,0,0,1,1,0.0,0.0,1.0,0.0,0.0,0,0,3,0,0
195,DonGuillotine,6,168,42,87,102,273,9.600000000000001,139.76999999999998,93.12,72.0,138.45,15,132,339,51,141
196,ThetaGang_wsb,0,16,4,4,12,4,0.4,12.82,1.46,20.240000000000002,5.08,0,12,2,22,4
197,sha_clo,10,187,50,150,243,360,32.84,168.36000000000007,106.20000000000002,173.37000000000006,125.08,36,125,530,169,140
198,sarahreyn,6,48,12,27,48,69,6.779999999999999,35.62,24.57,34.249999999999986,38.70000000000001,8,28,100,30,44
199,plsdontstalkmeee,12,113,30,70,111,151,27.289999999999992,142.84000000000012,57.169999999999995,68.90999999999997,91.45999999999997,31,111,187,58,100
200,HowerTwo,18,242,56,156,227,291,38.69,187.19000000000003,110.66999999999999,159.00000000000003,171.09000000000003,39,143,473,151,184
201,lukebenoit_,19,353,85,102,236,201,51.389999999999986,257.44000000000017,163.4600000000002,178.5100000000001,201.60000000000014,34,218,358,155,231
202,Typical_Painting_726,0,3,2,6,9,7,0.42000000000000004,3.53,0.5,2.81,5.74,0,3,15,2,7
203,code_hunter_cc,0,0,0,0,0,1,0.0,0.33,0.17,0.33,0.17,0,0,0,1,0
204,BummedByUncle,1,3,0,7,2,4,0.7000000000000001,2.48,0.18,3.45,5.16,1,2,5,4,5
205,AndyLight97,5,121,30,45,88,102,7.36,116.15000000000003,52.86999999999998,67.03999999999999,64.43,5,107,150,60,69
206,ApprehensiveWaltz137,0,2,0,0,1,1,0.04,2.2,0.4,0.9299999999999999,0.42000000000000004,0,3,0,1,0
207,fine_british_cuisin,0,2,0,0,1,5,0.0,1.78,0.5,1.22,0.5,0,2,5,0,1
208,plsbnice2me,0,7,1,4,9,3,0.8200000000000001,6.71,2.92,4.53,6.039999999999999,1,6,7,4,6
209,sylsau,26,320,87,101,297,168,37.679999999999986,332.5200000000002,104.29000000000006,148.76000000000013,186.06000000000006,29,346,312,121,191
210,Zealousideal_Neck244,0,4,2,1,8,8,0.33,2.59,1.75,1.75,4.58,0,2,15,1,5
211,jbag60,0,0,0,1,0,0,0.0,0.0,0.0,0.0,0.0,0,0,1,0,0
212,Junior466,44,275,120,126,224,179,30.299999999999986,297.06999999999977,102.13000000000005,226.41000000000017,188.41,37,271,253,199,208
213,NomakTheHunter,3,45,4,12,33,33,5.99,33.10999999999999,27.809999999999995,18.779999999999994,23.240000000000002,4,28,54,17,27
214,lemonsarenice27,2,52,8,20,32,78,5.040000000000001,29.24,31.539999999999996,18.4,31.739999999999995,4,20,116,14,38
215,puetzinboots,1,11,2,7,7,8,1.58,10.37,6.890000000000001,7.160000000000001,6.99,3,6,14,5,8
216,SadeDash,24,227,55,135,239,316,48.61999999999998,218.30000000000007,109.44000000000004,142.39,190.79000000000005,56,174,435,105,226
217,KarlJay001,55,295,88,140,305,117,61.15000000000001,354.21000000000015,116.39000000000007,183.88000000000017,250.56000000000006,29,416,151,128,276
218,Background_Nose_5794,0,1,0,0,0,0,0.0,0.0,0.0,0.0,0.0,0,0,1,0,0
219,bigrock13,6,130,27,110,140,344,22.46,111.46999999999998,80.82999999999998,86.49999999999999,114.54,27,102,441,69,118
220,kulikitaka,30,320,95,117,251,187,44.16999999999998,275.2600000000001,114.66000000000004,198.1700000000002,227.15999999999994,40,238,278,186,258
221,Prisoner_240,4,32,21,25,28,85,7.15,28.96999999999999,11.17,25.679999999999993,35.97,9,21,102,24,39
222,justafanofmanythings,0,0,1,1,0,0,0.0,0.27,0.27,0.2,1.27,0,0,1,0,1
223,MrBeez83,3,45,9,42,62,58,15.46,44.399999999999984,18.269999999999992,25.599999999999998,39.11999999999998,18,35,104,22,40
224,bmelton1982,18,167,42,80,138,156,23.910000000000004,169.73999999999995,50.39000000000001,100.42000000000006,102.29000000000005,23,152,219,94,113
225,Squishandthings6,0,2,2,0,1,0,0.0,0.5,0.0,1.0,1.5,0,0,2,1,2
226,crosspostLove,3,68,31,34,35,48,5.35,58.44999999999999,22.470000000000002,30.97,33.69,5,53,101,23,37
227,cakeman528,9,138,25,105,111,503,25.279999999999994,107.96999999999998,67.85000000000001,91.69999999999999,94.10000000000004,30,92,589,89,91
228,Gullible_Sharky,9,65,16,48,81,69,14.939999999999998,79.09999999999998,31.669999999999987,60.48999999999997,63.61999999999998,21,67,76,55,69
229,EdicaranFauna,19,242,77,121,214,317,49.62000000000001,212.34999999999997,122.24000000000001,166.66000000000005,157.67000000000002,51,168,459,137,175
230,heitorhath,0,4,7,2,2,9,0.7,6.33,2.0,3.8600000000000003,4.1,1,4,10,3,6
231,DinoDinoo93,24,264,132,124,248,196,47.83999999999996,326.71999999999997,93.76,179.28000000000011,187.48000000000016,48,332,276,152,180
232,Rthomason11,4,28,6,28,40,60,4.54,29.02,18.0,33.86,28.559999999999995,6,18,74,34,34
233,The_Meme_Teacher,0,1,2,1,1,6,0.0,0.0,1.0,0.5,3.5,0,0,7,0,4
234,Apprehensive-Pop5863,0,0,0,1,4,3,0.67,3.4,0.5,1.0,2.43,1,3,1,1,2
235,marelle90,8,106,29,56,95,95,15.629999999999994,95.8,62.78999999999998,63.37,90.14,15,85,141,46,102
236,Zealousideal_Door303,3,13,6,8,17,16,3.13,14.649999999999999,6.800000000000001,8.57,14.840000000000002,3,12,26,7,15
237,redddexe,0,20,0,6,4,32,0.0,0.0,0.0,0.0,2.0,0,0,60,0,2
238,iamluciferscousin667,28,266,60,188,225,232,48.449999999999996,244.81000000000012,130.76000000000005,178.2600000000002,185.10999999999996,50,190,400,165,194
239,GivingBooyaka,2,23,5,28,26,29,4.5200000000000005,22.259999999999998,13.19,16.240000000000002,25.78,5,18,47,14,29
240,fourbat,7,99,24,39,73,114,9.77,64.11999999999998,35.309999999999995,63.49999999999998,50.15999999999999,12,42,181,60,61
241,hippity_hoppity_1,1,9,2,1,3,7,1.0,3.83,1.33,2.83,3.0,2,3,13,2,3
242,jermlol1,1,34,22,17,16,56,2.0500000000000003,20.520000000000003,20.549999999999994,14.56,18.28,0,17,95,15,19
243,JLSaw,0,0,0,0,1,0,0.05,0.34,0.11,0.2,0.29,0,1,0,0,0
244,Empty_Respond_4949,10,299,195,102,157,237,33.66999999999998,180.92999999999995,64.6,92.08,130.35,45,158,582,87,128
245,nicename-,1,12,5,9,8,38,7.17,8.04,7.5,9.74,9.56,9,6,40,10,8
246,Welcome2Broncoland,17,374,93,63,150,148,23.039999999999996,238.20000000000024,95.64000000000003,277.20000000000016,136.46000000000012,15,234,190,255,151
247,YZXFILE,14,222,32,188,176,1088,23.02,188.54,675.2200000000001,106.42,232.76000000000002,26,170,1200,92,232
248,PaddyTakes,26,245,87,160,256,226,57.54999999999999,291.2399999999999,86.62000000000005,197.15999999999994,190.68000000000004,67,254,284,183,212
249,SandmanDreamsProds,20,267,48,140,196,287,38.03,230.63000000000014,118.13999999999999,167.0700000000001,176.66000000000017,36,197,389,160,176
250,LiterateRockstar,4,39,10,18,29,41,2.6799999999999997,22.419999999999998,19.089999999999996,23.569999999999997,20.209999999999997,3,16,77,25,20
251,CileShatsman,14,172,46,153,213,362,36.899999999999984,194.31,102.05000000000003,166.54000000000002,153.87000000000006,45,152,441,152,170
252,Crystalgamer04,6,102,32,66,86,170,16.049999999999997,99.98,72.16,51.26,62.35999999999996,16,86,249,42,69
253,Legendaryender,0,2,0,2,3,3,0.5,0.33,0.0,0.8300000000000001,2.33,1,0,6,0,3
254,UntilTheEnd1992,0,1,0,0,0,2,0.0,0.5,0.5,0.0,0.0,0,0,3,0,0
255,Madessi,2,2,0,0,0,6,0.5,1.0,0.5,2.0,2.0,2,0,6,0,2
256,Anovecinco,0,1,7,0,1,0,0.0,1.5,0.0,0.0,0.5,0,1,7,0,1
257,Jolly_Explanation_68,1,20,7,13,19,8,2.1699999999999995,17.72,8.13,12.269999999999998,22.669999999999995,2,17,12,7,30
258,EndUpbeat,7,68,17,25,47,42,9.540000000000001,45.31999999999998,41.979999999999976,38.269999999999996,47.72,9,35,74,33,55
259,Thankless_ruler,14,230,44,158,240,414,50.67999999999998,208.96000000000015,92.0,144.78000000000003,174.9800000000001,64,152,564,126,194
260,MMMMagpie,0,10,0,6,14,4,1.08,12.879999999999999,6.86,6.32,4.859999999999999,0,10,8,12,4
261,PenguinMexter,11,198,49,129,166,291,31.979999999999993,157.57,86.12999999999997,110.96,175.15000000000006,37,122,401,93,191
262,Comic_Book_Reader,14,224,39,154,182,387,41.639999999999986,198.38000000000005,67.21000000000001,99.64000000000003,199.96000000000004,45,164,485,85,221
263,sikucingjelek,20,329,82,134,167,262,31.369999999999994,195.61000000000004,120.93,169.5100000000001,173.13,34,145,462,158,195
264,PDX_drifter,5,80,21,32,54,41,12.559999999999999,69.36,39.61,39.23999999999998,39.05999999999998,13,64,89,29,38
265,Clean_Pizza_7067,1,13,4,6,15,23,1.83,8.66,5.7,4.57,15.22,2,6,34,2,18
266,lamajs,28,288,68,198,238,248,40.31999999999998,268.5800000000001,102.42000000000006,184.73999999999995,245.18,34,230,354,146,304
267,Ch1rag_,2,78,16,60,73,120,11.73,68.14999999999999,30.389999999999997,38.61999999999999,50.0,12,59,190,32,56
268,Delicious-Whole-6391,18,283,81,141,243,234,47.21999999999999,263.81000000000006,121.39000000000017,194.39000000000013,178.57,44,251,331,183,191
269,diceNslice,26,275,64,111,228,282,31.459999999999994,206.86000000000016,200.84000000000015,154.2900000000001,194.89000000000024,31,181,455,135,184
270,Strong-Design2297,0,5,3,1,6,5,0.25,5.1,4.1,1.71,3.8200000000000003,0,5,12,1,2
271,Raghnaah,0,1,1,1,1,4,0.07,3.31,0.74,1.6600000000000001,1.24,0,5,2,1,0
272,WarForRedditorry,15,222,75,165,201,321,35.149999999999984,219.53000000000011,103.79,148.02000000000007,150.06999999999996,41,185,475,128,170
273,I_AM_YUGESH,4,85,40,49,85,323,11.57,62.949999999999996,58.109999999999985,66.16999999999999,43.11,14,51,413,60,48
274,Icy_stars,5,61,26,38,24,68,10.350000000000001,68.96999999999997,15.179999999999998,31.909999999999993,34.489999999999995,13,64,87,25,33
275,merc_M_9856,25,192,52,116,187,252,40.88999999999997,181.4300000000001,72.94999999999999,179.36000000000007,147.84000000000003,46,146,298,169,165
276,stephy3494,5,46,13,25,41,25,6.14,28.149999999999984,19.67000000000001,37.41999999999999,33.57999999999999,5,19,51,37,43
277,ImaMartian08,11,123,27,35,93,62,11.769999999999996,99.69000000000001,63.359999999999985,61.809999999999995,64.12,11,100,136,47,57
278,hello_human69,16,124,38,79,103,280,26.19999999999999,111.94000000000001,75.95999999999997,89.27999999999999,82.35000000000001,23,89,362,72,94
279,TheBulbaBoy,6,66,26,76,78,132,15.72,78.42,21.299999999999994,50.46,64.01999999999998,18,72,180,48,66
280,Nano107,4,45,7,31,35,176,3.45,28.65,30.32,21.990000000000002,26.54,3,23,222,22,28
281,Marco3712,4,94,20,80,110,102,20.799999999999997,113.21999999999998,39.15999999999999,86.74,75.74,30,78,126,72,104
282,Turbostrider27,41,344,193,81,187,149,41.39999999999999,278.9700000000003,75.09999999999998,227.63999999999996,192.35999999999987,37,281,265,194,218
283,Bunny_Terror,26,340,124,198,280,986,61.83999999999999,248.1000000000002,241.24000000000012,207.10000000000008,237.20000000000016,70,196,1274,168,246
284,Maerialist,11,175,53,116,168,177,29.689999999999994,194.04,82.74000000000002,115.04000000000005,123.1100000000001,30,175,272,103,120
285,HWood2004,1,222,50,133,91,503,59.06999999999999,127.96,38.11,88.08,98.74999999999999,61,113,633,78,115
286,throwingawaycabbage,0,3,0,1,1,0,0.0,1.29,0.18,1.15,1.3800000000000001,0,1,1,2,1
287,Emperor2020,5,14,6,9,14,10,2.84,22.39,5.65,12.559999999999999,8.510000000000002,4,25,12,10,7
288,twinwindowfan,32,232,125,143,185,265,53.14999999999999,257.9100000000002,65.61999999999999,145.35,205.44000000000017,65,213,344,122,238
289,Scrapbonnie1983,1,14,6,8,13,16,3.39,13.74,3.74,18.599999999999998,7.510000000000001,5,10,16,18,9
290,KAI_IS_FINE,20,286,49,104,182,358,35.59999999999998,172.64000000000013,168.52,161.80999999999983,149.91000000000005,35,129,544,144,147
291,Dennis_Gachanja,28,588,262,214,360,544,75.52000000000004,370.68,126.28000000000011,382.53999999999957,384.2599999999999,92,300,824,334,446
292,Waffle-Dude,16,203,63,144,196,377,32.62999999999999,222.07000000000005,56.92000000000001,169.84000000000006,161.21,40,192,428,158,181
293,Due-Percentage69,4,86,17,49,72,131,8.04,51.48999999999999,49.18999999999999,51.04,43.07999999999999,9,38,226,39,47
294,MrC_Red,47,376,86,115,266,108,50.85000000000003,316.14999999999964,132.86000000000007,175.01000000000016,245.13000000000036,28,335,236,145,254
295,PatientModBot,1,0,1,3,5,0,0.06,1.75,0.54,1.03,0.6,0,4,6,0,0
296,SDbandito72,3,20,12,11,11,37,2.88,18.54,14.56,23.209999999999997,12.73,3,12,42,19,18
297,Repulsive_Ad_1163,7,210,44,117,245,377,47.789999999999985,164.13,143.03,183.9800000000001,113.69999999999999,54,125,542,163,116
298,Yazolight,16,144,28,86,150,198,22.31999999999999,138.16000000000003,75.01999999999998,80.44000000000001,103.74000000000004,26,112,306,74,104
299,suresh2gm,0,2,2,0,0,0,0.0,1.33,1.33,0.0,0.33,0,0,4,0,0
300,superyacobe,9,70,28,52,83,56,13.109999999999994,98.58000000000003,24.819999999999983,58.60999999999996,70.62000000000002,10,109,60,42,77
301,ReysWrap,1,119,14,58,59,167,9.14,97.71000000000001,29.11,64.94999999999999,28.01,13,87,226,63,29
302,misterdhm,30,332,95,163,237,143,45.29999999999999,290.86000000000024,144.3400000000001,144.49000000000018,234.0900000000002,39,261,321,111,268
303,alturn01,0,1,0,2,1,0,0.0,1.83,0.0,0.33,0.8300000000000001,0,1,1,0,2
304,TommyThaJobber,3,24,6,12,13,18,2.33,22.509999999999998,8.5,15.14,13.48,3,17,26,12,18
305,yesh222,25,271,85,170,212,172,61.459999999999965,285.30999999999995,76.97000000000004,158.84,238.10999999999999,73,250,207,133,272
306,Unknown5544,2,17,2,12,18,40,2.25,18.17,5.83,11.57,13.16,2,14,49,10,16
307,Cboquist,18,159,39,77,120,157,15.739999999999995,116.98,90.83,90.74000000000007,114.3300000000001,17,100,252,71,130
308,sillychillly,23,260,70,144,218,281,25.92999999999999,256.7400000000001,89.80000000000003,177.1200000000001,185.6899999999999,29,213,370,167,217
309,naayeeon,6,33,7,19,35,31,2.9700000000000006,32.179999999999986,23.819999999999993,19.819999999999993,29.089999999999993,2,20,60,13,36
310,Chris-Powell,21,283,75,144,180,297,58.27999999999997,256.93000000000006,87.76000000000003,155.0300000000001,150.39000000000001,76,203,419,137,165
311,iEgeq,0,1,0,0,0,0,0.0,1.0,0.0,0.0,0.0,0,1,0,0,0
312,Nikefut12,5,65,21,38,62,85,9.160000000000002,71.24999999999997,26.37,45.719999999999985,42.42999999999999,10,64,112,43,47
313,walt_whitmans_ghost,19,285,86,124,233,249,36.3,272.42000000000024,118.75999999999998,164.58000000000018,187.35999999999999,43,235,377,133,208
314,Grand-Construction96,0,2,2,1,4,1,2.6100000000000003,3.49,1.25,0.39999999999999997,2.25,3,3,1,0,3
315,Witcher587,19,258,59,152,229,272,53.07999999999999,225.84,84.35000000000001,155.74,184.66000000000014,64,183,392,140,210
316,BillyBrimstoned,29,238,66,181,258,224,51.239999999999995,255.25000000000003,150.0200000000001,176.84000000000017,192.07999999999996,51,214,374,152,205
317,AnxiousIndicator,38,470,194,304,384,610,65.82,451.9399999999997,165.30000000000007,337.93999999999966,348.38,80,378,832,320,390
318,Steeledgator,10,66,22,49,42,61,11.679999999999996,78.92000000000003,18.69,51.04999999999999,44.49999999999998,11,73,68,48,50
319,Severe-Draw-5979,78,698,170,386,686,982,102.89999999999996,466.6899999999995,461.7799999999997,444.5599999999997,557.1699999999995,108,364,1546,373,609
320,Broad_Ad4355,0,1,0,0,0,0,0.0,0.0,0.0,0.0,0.0,0,0,1,0,0
321,cheerfulnoodle,1,2,0,1,3,1,0.33,3.0,0.8300000000000001,3.25,0.5800000000000001,0,2,2,4,0
322,Ferdinand82official,0,29,3,20,42,83,2.39,13.590000000000002,5.510000000000001,13.639999999999999,12.820000000000002,2,12,138,13,12
323,shuvenker999,16,535,83,34,207,85,17.619999999999997,408.6399999999998,224.79999999999976,161.1100000000002,138.11000000000018,5,409,323,108,115
324,Aztery,33,135,168,63,120,228,22.619999999999994,179.6399999999999,117.92999999999999,88.20000000000002,95.49000000000004,18,162,381,81,105
325,joarezpj,9,78,22,83,86,112,17.65,69.57999999999997,32.42999999999999,62.91,67.21,23,53,189,47,78
326,Ok_Cream3086,0,1,0,0,0,2,0.0,0.0,0.0,0.0,0.0,0,0,3,0,0
327,IgnatiousBlackward,2,33,7,27,38,41,5.920000000000001,39.88999999999999,8.780000000000001,23.939999999999998,31.339999999999996,6,37,50,23,32
328,Cobra-D,22,242,39,214,275,207,53.14000000000002,295.5599999999999,102.84000000000002,194.96000000000004,210.91000000000003,65,258,261,167,248
329,puma_barca,5,142,36,74,136,174,22.969999999999985,123.14999999999999,59.58999999999999,106.41000000000004,86.57000000000002,25,107,251,90,94
330,Failuretoasians,0,0,0,2,6,5,1.5,1.86,1.71,0.5,4.44,2,1,5,1,4
331,GothicGargoyle,7,253,82,135,146,327,37.949999999999996,172.04000000000008,161.85000000000005,148.15999999999997,138.62999999999997,44,129,504,124,149
332,Frostiikin,18,116,30,56,105,107,22.599999999999998,96.58999999999999,53.20000000000002,71.31,100.05000000000007,19,83,152,61,117
333,Weekly-Wrangler2026,0,3,1,2,9,11,0.47000000000000003,5.7299999999999995,3.4600000000000004,3.0200000000000005,3.2900000000000005,0,5,14,4,3
334,hellianish8,10,42,6,28,58,46,13.299999999999999,46.379999999999995,18.54,40.32,39.35999999999998,12,44,58,36,40
335,Large_Truth3587,0,5,2,2,4,5,2.46,3.6,2.54,2.72,1.6800000000000002,3,4,8,1,2
336,BringInTheNews,1,12,2,6,10,11,2.3,6.47,7.6,9.889999999999999,6.710000000000001,3,7,18,7,7
337,CraftedArtisanQueefs,105,930,252,384,705,576,121.92000000000014,882.6900000000019,358.4999999999998,594.2699999999998,541.8900000000004,99,852,909,564,528
338,hybridtheory1331,30,327,101,121,225,196,58.260000000000026,300.21999999999997,111.54000000000006,178.84000000000003,212.52000000000012,57,311,267,140,225
339,MavDrake,25,247,104,148,235,241,48.13000000000002,280.65,91.39000000000007,190.16000000000003,175.0600000000003,54,256,331,161,198
340,biglen998,9,71,19,51,83,62,15.66,74.91999999999999,47.27999999999999,60.45,65.47,11,70,93,56,65
341,Thrillseaker,0,5,1,2,1,3,0.14,3.63,0.36,2.44,1.44,0,3,5,2,2
342,Scar3054,0,10,3,1,4,7,1.0,3.0300000000000002,2.5,4.640000000000001,2.83,1,2,13,6,3
343,Sup3rPotatoNinja,17,313,78,128,279,182,47.81999999999999,324.8700000000001,116.89000000000003,190.21000000000018,184.51000000000002,46,293,287,166,205
344,princeyG,23,172,45,65,101,83,21.700000000000006,187.30000000000015,38.06999999999998,88.2000000000001,119.3500000000001,12,229,65,56,127
345,thekhanagain,12,178,57,97,140,188,28.96,176.62999999999997,68.91,111.63000000000004,103.66000000000001,36,154,270,104,108
346,StabbyMcTaco517,3,39,3,20,30,53,10.600000000000001,31.909999999999997,16.269999999999996,24.919999999999998,21.229999999999997,12,27,65,21,23
347,Tell_me_why-,0,0,0,0,0,2,0.0,0.0,0.0,0.0,0.0,0,0,2,0,0
348,Uroseus,0,32,8,20,44,58,6.5600000000000005,22.54,14.520000000000001,22.959999999999997,21.4,10,18,88,26,20
349,Thecoolersansandtom,17,186,49,137,150,444,44.169999999999995,153.11999999999995,83.91999999999999,115.75999999999998,140.84,55,127,547,102,152
350,stagfollow,0,4,0,2,12,18,0.0,10.94,2.0,3.74,5.32,0,12,16,4,4
351,bosslollo,1,42,10,27,39,65,2.58,17.86,15.08,17.17,14.27,3,15,137,14,15
352,A_Crazed_Waggoneer,10,98,17,32,69,59,14.72,62.510000000000005,58.03,49.489999999999995,58.05999999999999,18,48,125,39,55
353,ReidWH,15,180,51,122,171,256,21.99,139.23000000000005,68.47999999999999,161.87,117.14000000000004,23,109,373,150,140
354,Express-Interview-94,0,2,0,1,1,1,0.0,0.67,0.9299999999999999,0.2,0.2,0,1,4,0,0
355,YoanB,2,16,2,4,14,12,3.500000000000001,22.400000000000006,2.4000000000000004,9.200000000000001,10.479999999999999,0,24,4,8,14
356,tb21666,14,232,116,105,195,142,32.45999999999999,252.85999999999999,77.82999999999998,170.24000000000007,141.16000000000003,36,218,229,160,161
357,therealestoftherealy,4,30,16,32,33,54,9.35,37.28000000000001,23.189999999999998,27.279999999999994,25.809999999999995,9,30,79,25,26
358,utristen1,9,130,39,69,98,111,16.959999999999997,131.02000000000007,39.0,75.50000000000001,99.35000000000001,16,115,142,64,119
359,Necromancers-ring,11,97,47,69,112,103,19.759999999999987,130.21000000000006,49.38999999999996,86.09,110.07000000000006,16,116,104,68,135
360,YuniquePawtrait,0,2,3,1,1,5,0.5,5.06,0.6,0.3,2.54,0,5,4,0,3
361,InterestingAd5191,10,134,31,83,91,183,25.019999999999992,77.50999999999999,121.69,79.14999999999999,63.5,25,58,324,61,64
362,clavork,0,1,1,0,0,0,0.0,0.0,0.0,0.0,2.0,0,0,0,0,2
363,esarkay97,1,1,0,3,0,3,0.0,2.16,1.6,0.27,2.96,0,2,3,0,3
364,plantdrew3,80,716,170,295,490,395,69.90000000000005,557.8500000000005,267.9999999999999,402.0999999999995,307.1999999999996,80,455,875,390,346
365,Floofhoodie,10,150,28,74,106,144,14.139999999999999,98.12,93.08,84.13999999999997,100.23999999999998,20,64,246,84,98
366,WilliamHenryBonney,26,268,72,118,196,278,35.91999999999998,271.7600000000002,107.38000000000007,159.10000000000016,133.16000000000008,30,272,380,132,144
367,_20721,8,158,32,153,154,493,29.92999999999999,134.62,72.41,108.04,114.82999999999998,37,102,640,102,117
368,karateema,17,212,58,160,181,372,33.80999999999999,176.08000000000013,86.17999999999998,151.24999999999997,149.33000000000007,40,143,513,131,173
369,DarkCatacombs22,2,363,332,65,42,192,9.500000000000002,56.28,30.959999999999997,70.86,43.38999999999999,9,53,820,67,47
370,SilentSmile__,2,10,3,13,16,12,0.9700000000000001,15.110000000000001,5.67,8.43,13.81,2,16,19,6,13
371,OrwellWasRight69,10,192,112,103,184,358,22.79999999999999,182.2000000000002,63.77999999999999,166.42999999999998,113.50000000000001,29,170,485,141,134
372,Embry_The_Popplio,1,64,9,66,70,93,6.47,74.10000000000001,20.48,38.42999999999999,38.41,7,62,152,37,45
373,SillyShoe2,0,27,5,8,17,19,5.61,15.76,7.420000000000001,15.31,13.819999999999997,6,10,26,16,18
374,ernandesjrss,16,228,132,97,104,289,18.41,123.62000000000003,72.29999999999998,111.52000000000001,101.00999999999999,20,101,532,106,107
375,buttered_t0asties,1,86,16,47,73,77,5.91,61.66,42.510000000000005,37.730000000000004,46.10999999999999,6,57,156,30,51
376,Carabevida,2,7,1,3,4,3,0.8600000000000001,8.55,1.02,4.28,4.26,1,10,2,3,4
377,Tricky-Anteater-3077,0,1,0,1,0,1,0.0,1.25,0.0,0.75,0.0,0,1,1,1,0
378,iamaaronmullen,25,229,68,190,227,257,42.179999999999986,254.86000000000018,134.48000000000008,171.8200000000002,186.09,40,215,387,146,208
379,NASCAR_DilPickles,4,37,17,32,40,64,9.52,37.75,18.56999999999999,32.72999999999999,41.34999999999999,9,31,82,27,45
380,ugbakchod,1,40,5,17,24,49,1.54,16.66,5.15,14.999999999999998,13.639999999999999,1,13,89,14,19
381,Hobo-With-A-Shotgun,51,271,150,113,272,143,61.76,330.1899999999998,91.97,182.0200000000001,230.29999999999987,38,397,190,129,246
382,veiga617,1,31,4,18,6,45,0.41000000000000003,18.599999999999998,6.07,25.059999999999995,11.84,1,16,50,25,13
383,tompainesbones,6,25,5,3,11,15,3.0399999999999996,20.159999999999993,8.22,15.340000000000003,17.17,2,17,9,17,20
384,AutoModerator,7,194,301,15,117,66,17.929999999999986,283.76000000000005,49.36999999999993,304.0999999999999,44.40999999999993,3,206,10,472,9
385,mishas_magics_dices,4,24,16,8,18,22,0.56,15.159999999999998,11.899999999999999,14.74,21.64,0,8,42,14,28
386,westcoastcdn19,22,261,123,113,224,209,34.789999999999985,269.92999999999995,110.72000000000006,175.24000000000026,153.60000000000016,32,241,351,166,162
387,Comprehensive_Gas977,16,231,74,159,246,274,32.75999999999999,260.97999999999996,77.69000000000001,174.83000000000004,179.38000000000002,37,218,372,160,213
388,Nonchalant_Loss_,0,0,0,1,0,0,0.0,0.33,0.67,0.0,0.0,0,0,1,0,0
389,HRJafael,41,284,71,180,217,206,43.20999999999998,295.2,104.48000000000003,177.69999999999993,233.80999999999992,46,257,285,149,262
390,Horny4theEnvironment,14,214,57,147,205,361,44.89999999999999,190.61,126.56,138.04000000000002,186.40999999999994,54,142,479,114,209
391,Useful_Efficiency_98,10,134,46,48,94,126,24.599999999999994,71.94,98.14000000000003,34.96,96.19999999999999,26,56,254,26,96
392,picante-x,0,1,1,4,2,3,0.1,5.12,0.11,3.3200000000000003,1.3499999999999999,0,4,1,4,2
393,yassine_er,1,50,21,55,49,129,6.9399999999999995,58.21000000000001,17.0,35.139999999999986,35.64999999999999,8,56,174,28,39
394,No_Zebra9342,15,280,93,134,201,205,40.829999999999984,219.09000000000026,107.73000000000002,148.6900000000001,176.99999999999991,48,182,377,135,186
395,OreFortuner,0,2,0,0,1,0,0.0,0.7,1.17,0.4,0.73,0,0,2,0,1
396,Muted_Shelter4030,0,2,0,0,1,0,0.33,0.0,1.67,0.0,0.99,0,0,3,0,0
397,Shtoinkity_shtoink,21,280,86,145,214,251,39.01999999999999,237.76999999999984,127.14000000000001,180.32,181.33000000000013,33,211,394,159,200
398,kebab69666,21,184,65,136,175,419,32.68,126.92999999999998,112.98999999999998,176.74999999999994,131.47000000000003,36,84,557,179,144
399,sd1272,9,77,19,23,74,34,8.929999999999998,75.24000000000001,38.25,43.900000000000006,49.36999999999999,5,75,71,36,49
400,--BernieSanders--,4,136,34,96,142,192,27.78,179.43999999999994,52.94,91.91999999999999,107.63999999999997,38,152,206,96,112
401,horseshoeoverlook,8,190,43,135,229,395,37.849999999999994,174.25,167.3,139.31000000000003,147.01000000000002,44,129,549,128,150
402,bretsko,4,144,19,21,32,78,2.65,29.349999999999994,7.98,41.599999999999994,27.39,3,17,199,44,35
403,Amphibious_Fire,40,588,156,260,516,438,92.86000000000007,526.0199999999994,263.72000000000014,319.8399999999998,426.2200000000001,92,468,696,258,484
404,sparbie88,0,3,0,3,3,4,0.33,1.87,2.54,3.09,3.17,0,1,5,4,3
405,alwanfilm,6,21,9,18,15,47,5.75,18.14,14.31,12.589999999999998,16.19,5,17,71,10,13
406,Thenightbeckonsyou,6,109,36,59,91,99,12.379999999999999,108.43999999999997,38.92,72.24,69.84999999999998,15,101,153,58,73
407,Helpfulithink,14,220,42,132,148,312,34.71999999999999,194.74000000000007,110.52,108.27999999999997,147.47999999999996,40,152,422,90,164
408,LeniReputationEra,0,0,0,0,1,1,0.33,1.08,0.0,0.5800000000000001,0.0,1,1,0,0,0
409,Arceemax,4,35,9,15,39,39,6.839999999999999,35.83,15.19,24.79999999999999,26.29,6,41,45,20,29
410,EchoCham,10,116,34,61,95,160,15.5,69.81999999999995,90.51000000000002,72.76,86.19000000000003,15,53,268,49,91
411,wurrungmg,0,4,0,5,7,8,1.1600000000000001,4.83,1.6600000000000001,1.67,3.66,2,4,14,2,2
412,keoome,0,18,164,6,2,1800,1.0,4.0,19.979999999999997,3.66,7.34,2,4,1976,2,6
413,Frostdraken,23,230,72,173,198,301,47.8,202.82000000000005,145.27000000000007,149.84999999999994,188.80000000000013,53,169,451,132,192
414,oliveskate,23,244,109,124,143,229,31.569999999999983,205.52,135.47000000000014,139.2800000000001,149.76000000000013,33,174,393,115,157
415,WHYAREWEALLCAPS,35,260,89,178,248,190,60.57999999999998,348.6399999999999,89.37000000000002,181.6499999999998,209.79000000000013,59,363,209,139,230
416,deadstar420,32,268,75,167,231,224,47.689999999999976,244.62000000000018,137.91000000000003,156.85000000000008,203.35000000000016,54,190,395,133,225
417,GwyneddCouncil,0,0,0,0,0,1,0.0,0.0,0.0,0.0,0.0,0,0,1,0,0
418,Pretend-gangster,0,0,0,0,1,0,0.0,0.0,0.0,0.0,0.0,0,0,1,0,0
419,FuntimeSpringy,8,128,21,73,90,246,14.529999999999998,112.72,66.19999999999999,76.5,78.89999999999999,18,90,303,69,86
420,QuaintMushrooms,30,504,1686,90,159,471,34.71,801.3900000000002,260.07000000000016,238.95000000000022,1181.4300000000012,39,660,729,171,1341
421,liban16,31,249,67,162,321,169,48.61999999999998,337.90999999999957,46.36000000000001,237.59999999999982,234.78000000000034,39,351,131,232,246
422,Rd28T,32,290,123,127,196,197,54.65000000000003,298.5299999999999,120.78000000000011,181.38999999999982,191.8199999999999,51,277,267,149,221
423,Dilemaradio,1,8,5,3,6,15,0.0,6.890000000000001,4.28,3.43,6.38,0,6,22,4,6
424,OffKeyComics,14,142,36,20,72,86,18.599999999999998,60.35999999999999,105.77999999999999,61.82,63.34,16,56,196,50,52
425,Kwesi_Hopkins,16,237,61,145,269,271,56.849999999999994,279.45000000000005,97.26,187.28000000000011,180.56,59,240,328,174,198
426,Gonzo_B,36,336,89,117,248,165,45.979999999999976,373.58,91.80000000000001,216.9900000000002,153.84000000000023,35,406,198,202,150
427,Sergai_Blazin,0,14,2,9,27,12,2.12,19.29,5.760000000000001,11.309999999999999,13.490000000000002,2,15,21,10,16
428,Ibnero,0,0,1,0,0,1,0.0,1.1,0.7,0.2,0.0,0,1,1,0,0
429,riftercraft1,0,0,0,0,1,5,0.0,0.0,0.0,1.0,0.0,0,0,5,1,0
430,thenameisjankins,0,3,1,1,4,3,0.04,4.859999999999999,0.23,3.4,2.4400000000000004,0,6,1,3,2
431,Defiant_Race_7544,54,632,144,236,414,520,84.04000000000009,615.1400000000002,271.26,274.91999999999985,341.59999999999985,70,618,738,214,360
432,happygamedev,140,1005,255,426,606,559,103.26000000000003,972.7400000000011,492.60999999999876,504.37999999999886,592.5099999999996,87,885,966,423,630
433,SkyKingIkki,6,63,16,46,58,94,13.23,60.29,30.089999999999986,39.969999999999985,56.30999999999999,10,50,119,36,68
434,davetowers646,177,810,315,405,690,471,111.26999999999997,689.4000000000005,495.05999999999915,527.1299999999989,697.6800000000007,114,582,981,411,780
435,zfreakazoidz,44,262,72,177,246,197,66.18999999999998,249.67,102.37000000000005,214.93999999999988,236.2099999999999,68,217,258,190,265
436,egeverything,12,246,62,172,214,289,36.78999999999999,232.02000000000012,104.10000000000001,149.2499999999999,192.39999999999986,42,195,428,123,207
437,electric_pudding9,2,36,9,25,32,52,9.06,44.72,12.350000000000001,19.609999999999992,18.2,13,41,67,16,19
438,Letterhead-Either,4,18,6,11,16,12,5.2700000000000005,17.799999999999997,11.58,11.84,10.45,4,21,25,11,6
439,jackflash223,27,255,69,135,247,245,39.01999999999999,276.62999999999994,101.47000000000008,191.17000000000002,191.2100000000001,39,256,310,168,205
440,TheB1gV,0,13,3,4,17,5,1.1600000000000001,12.33,5.040000000000001,4.75,13.700000000000001,0,11,12,4,15
441,rjschwerin,4,705,26,48,57,154,12.269999999999996,302.6600000000012,71.08000000000001,241.69000000000275,224.07000000000212,11,340,188,58,397
442,Nyhrox,18,498,158,326,430,568,92.98,449.3,167.86000000000004,357.00000000000006,300.4200000000001,110,402,834,336,316
443,cgmcnama,10,155,37,49,160,60,22.459999999999983,175.38999999999956,40.93000000000002,104.92999999999999,89.9900000000001,14,223,73,64,97
444,Background_Piece_312,3,40,16,21,20,50,9.879999999999999,35.03999999999999,19.11,24.229999999999997,24.70999999999999,10,29,61,25,25
445,Transition_Nearby,0,0,0,1,0,2,0.0,0.5,2.0,0.5,0.0,0,0,2,1,0
446,CroissantDildo,28,186,68,104,220,178,39.81999999999997,252.53999999999988,66.96000000000001,163.3000000000001,146.74000000000004,42,246,184,146,166
447,Gideon4minpres2025,14,193,38,130,166,448,35.19,143.17999999999998,86.17999999999998,150.11000000000004,107.07000000000002,37,115,584,142,111
448,jatin_vision,1,5,3,1,4,8,0.0,4.7,3.58,3.58,4.12,0,4,10,3,5
449,K1LLSW2TCH,1,32,14,15,13,55,4.25,11.98,10.43,12.91,14.41,4,10,88,12,16
450,nofleshjustbones,0,1,0,0,6,2,0.17,2.88,0.34,2.85,1.77,0,4,1,3,1
451,ZubKhanate,10,101,46,73,108,100,26.12999999999999,97.06000000000004,63.95000000000002,73.94000000000003,86.78000000000002,22,85,172,66,93
452,mildly-annoyed-pengu,22,263,63,177,229,243,40.60999999999999,262.1600000000001,91.00999999999998,166.53,204.11999999999998,43,213,365,148,228
453,tomyan112,3,36,15,21,33,81,4.859999999999999,40.45999999999999,19.14,20.869999999999997,21.630000000000003,6,33,106,18,26
454,mawkish,22,260,84,143,245,244,48.20000000000002,226.77999999999992,124.80000000000007,180.05999999999997,192.84,48,190,387,154,219
455,MattZionWE,7,109,43,26,56,120,10.39,55.88999999999999,53.339999999999996,49.11999999999999,59.119999999999976,10,41,200,44,66
456,mrsunshine5,18,217,60,133,223,203,38.58,250.32000000000008,108.18999999999998,149.30000000000013,170.11000000000004,37,213,278,134,192
457,marythenoodle,9,135,21,36,119,56,15.860000000000003,91.36,69.99,64.12999999999998,72.39000000000001,11,80,151,56,78
458,RMMULHOLLEM,11,93,38,42,104,73,16.379999999999995,119.43000000000004,32.83,67.38,60.72000000000001,17,122,99,60,63
459,spiceyTodd,8,51,14,44,81,76,9.579999999999998,70.82,25.249999999999993,41.289999999999985,64.86,8,63,95,34,74
460,TaylorLakhryst,17,387,84,221,213,53,55.67000000000024,291.2800000000004,106.59000000000029,200.81000000000074,280.5500000000006,12,332,152,72,407
461,Essayguru1759,0,8,0,64,0,103,0.0,7.5,20.16,128.66,4.67,0,1,50,118,6
462,_Minor_Annoyance,17,109,43,388,118,325,19.95,797.0600000000001,25.859999999999992,80.43999999999998,73.42000000000004,12,836,19,66,67
463,Victor-Reeds,22,330,62,180,270,364,29.240000000000002,223.57999999999996,155.78000000000011,183.92000000000007,233.23999999999992,28,178,596,182,244
464,nomthecookie,8,126,668,58,80,316,15.44,107.95999999999997,38.919999999999995,135.72,55.69999999999999,16,94,958,128,60
465,ExcuseMeWTF50,13,165,45,121,177,474,30.67999999999999,156.14999999999998,86.14000000000001,119.31000000000002,156.38000000000005,33,119,557,116,170
466,dia_kags,26,292,105,109,241,227,35.28,228.1300000000001,155.18,166.32999999999996,167.48,29,198,444,141,188
467,abhisahani,0,1,0,0,0,1,0.0,0.33,0.33,1.0,0.33,0,0,0,1,1
468,Adequately_Insane,17,235,83,150,249,263,44.74999999999998,299.1799999999997,114.56000000000003,179.30000000000015,176.8600000000001,51,278,324,148,196
469,Loud-Performer5049,11,271,74,175,228,241,55.87999999999998,240.81,98.31,187.53000000000011,181.97999999999996,64,199,362,172,203
470,IBrokeTheBox,3,47,17,32,43,41,4.280000000000001,39.38999999999998,23.189999999999994,37.589999999999996,41.399999999999984,2,33,63,36,49
471,Pony_Nation,4,48,16,34,59,92,8.02,64.15,25.97,24.729999999999993,36.08,8,59,129,20,37
472,Specialist_Friend240,9,78,20,38,96,51,25.539999999999978,87.10000000000002,24.949999999999985,67.36999999999999,64.74999999999999,22,84,54,66,66
473,Wallybee10011,11,101,20,79,70,116,9.469999999999995,80.86999999999999,31.829999999999988,42.46999999999999,75.16999999999999,9,68,195,36,89
474,Internetismyfriend_,10,93,49,51,64,88,16.259999999999998,71.39,53.84999999999999,63.34999999999997,77.95000000000002,17,50,141,59,88
475,MoscaMye,25,297,91,122,208,127,44.3,245.76000000000022,173.01999999999998,181.5800000000002,176.4100000000001,22,259,267,146,176
476,Digibutter64,19,355,96,124,200,205,29.979999999999997,264.33000000000015,97.9,173.05000000000015,230.14000000000001,35,221,331,151,261
477,randumchicken,0,195,18,144,162,153,28.439999999999987,164.64000000000007,56.519999999999996,94.77,126.36000000000001,36,120,279,90,147
478,RudeParsley,0,2,1,1,4,2,0.53,3.97,1.01,1.83,1.6900000000000002,0,4,2,1,3
479,Rylanordeserves69,60,705,180,498,720,582,133.9800000000002,888.3299999999995,311.5199999999998,463.43999999999943,565.0799999999998,120,846,759,396,624
480,WoodenTruth3508,0,1,7,0,0,0,0.0,0.0,0.0,0.0,0.0,0,0,8,0,0
481,jai-phi,30,178,59,95,149,125,42.27000000000003,186.61000000000007,89.63000000000004,99.95000000000007,146.12000000000006,39,173,176,78,170
482,NavPot,2,26,6,16,32,50,5.45,27.23999999999999,16.09,18.130000000000003,28.98999999999998,6,23,58,17,28
483,The_AV_Archivist,38,568,98,316,518,462,91.28000000000007,649.8199999999995,213.26000000000002,400.8399999999997,367.29999999999995,72,660,530,358,380
484,pumpkinmum,3,89,18,48,45,37,5.3100000000000005,63.86999999999998,29.4,37.55,64.62999999999998,3,69,78,34,56
485,CrazyAd6493,0,1,0,0,1,0,0.25,0.0,0.0,0.5,0.25,0,0,1,1,0
486,oven-toasted-owl,21,346,152,307,304,870,43.55999999999998,309.1299999999998,208.69000000000003,309.4000000000001,255.75000000000017,50,254,1135,290,271
487,Impossible_Sky6273,0,1,0,2,1,4,0.33,2.3899999999999997,1.3,2.75,0.22,0,3,2,3,0
488,Danasara33,33,732,231,571,621,813,133.41000000000008,738.37,280.2500000000003,556.6699999999996,588.8300000000004,147,619,1092,483,660
489,LowDownSlim,18,325,166,111,213,167,51.17999999999997,193.96000000000012,213.18000000000023,207.0600000000002,192.94999999999996,31,161,405,216,187
490,10kpromiszd,1,9,2,6,12,14,3.16,11.0,7.33,6.0,6.5,4,8,19,7,6
491,notactuallyspork,4,70,33,23,68,50,8.210000000000003,57.74000000000001,48.800000000000004,37.61999999999998,38.53999999999998,7,51,116,29,45
492,StatisticianDecent30,29,283,59,155,213,254,42.84999999999998,280.70999999999987,137.04000000000005,175.3500000000001,166.37000000000012,44,241,375,151,182
493,esaesko,1,433,36,116,170,244,24.07999999999999,75.97000000000003,30.96999999999999,84.81000000000002,47.09000000000001,26,66,776,83,49
494,Randodoood,6,76,6,54,72,116,13.739999999999998,84.30000000000001,31.599999999999994,28.47999999999999,51.759999999999984,18,66,162,20,64
495,Golden_TAG,4,116,44,56,72,82,26.58,92.40000000000003,54.039999999999985,56.46000000000001,72.4,30,72,140,52,80
496,_CookieM0nster_,7,48,20,26,36,41,10.290000000000001,48.20999999999999,26.259999999999998,29.72999999999999,31.38999999999999,8,37,72,24,37
497,Getoff_My_Lon_Cheney,23,238,64,141,245,191,36.01000000000001,249.55000000000004,100.05000000000004,164.7399999999999,216.11999999999998,35,223,265,130,249
498,M_A_AP_bot,0,0,0,0,3,2,0.0,1.5,0.0,0.0,0.5,0,1,3,0,1
499,KoiPanda,17,188,57,132,166,173,25.299999999999994,223.01000000000013,89.95,124.42000000000006,135.83999999999997,25,198,251,108,151
500,TTV-MAD_MYCHAEL,0,0,0,8,0,0,3.0,2.0,0.0,3.0,0.0,6,2,0,0,0
501,uTylerSmith,1,17,4,11,9,11,0.9800000000000001,10.56,5.96,11.07,13.409999999999997,0,8,20,10,15
502,haxborn,15,286,65,131,271,202,45.73999999999999,287.05,99.21000000000004,181.59999999999997,182.79000000000016,36,293,286,161,194
503,Serpentshandmember,0,8,2,2,16,4,0.08,8.620000000000001,2.7800000000000002,8.7,7.800000000000001,0,8,8,6,10
504,Outside_Debt,4,67,22,21,68,43,8.57,70.88000000000001,22.76999999999999,44.129999999999995,45.5,8,86,53,37,41
505,Extra-Payment1877,2,0,0,1,3,2,0.36,1.4,1.17,2.24,2.8600000000000003,0,1,1,3,3
506,ReporterIndependent,0,12,4,4,3,14,0.25,3.5,7.25,4.5,2.5,0,4,27,4,2
507,AvatarMCThrowaway,0,19,5,20,18,35,1.6199999999999999,15.27,7.140000000000001,11.17,21.770000000000003,1,12,51,8,25
508,anuther_human,1,4,0,2,2,1,0.7000000000000001,3.53,0.78,0.84,3.15,1,6,2,0,1
509,Planet0259-S,74,370,142,272,306,762,53.959999999999965,373.11999999999983,194.6000000000002,274.3600000000001,271.4799999999999,50,344,1004,248,280
510,Economy_Option_5558,0,3,0,3,4,3,1.0,2.2,1.2,1.4,2.2,1,2,6,2,2
